{
  "benchmark": "Maintenance causal graph reasoning",
  "seeds": [
    0,
    1,
    2,
    3,
    4,
    5,
    6,
    7,
    8,
    9,
    10,
    11,
    12,
    13,
    14,
    15,
    16,
    17,
    18,
    19,
    20,
    21,
    22,
    23,
    24,
    25,
    26,
    27,
    28,
    29
  ],
  "agents": {
    "graph-aware": {
      "mean_score": 0.9556799999999999,
      "score_std": 0.007619867973333558,
      "score_ci95": 0.002726734735147896,
      "termination_rate": 1.0,
      "scores": [
        0.957325,
        0.952225,
        0.9554499999999999,
        0.9462999999999999,
        0.9466749999999999,
        0.9655,
        0.952525,
        0.961,
        0.9426249999999999,
        0.947425,
        0.9631,
        0.9648249999999999,
        0.955375,
        0.951025,
        0.9504999999999999,
        0.9673749999999999,
        0.9560499999999998,
        0.968275,
        0.9457749999999999,
        0.957475,
        0.9596499999999999,
        0.950275,
        0.9477249999999999,
        0.9652749999999999,
        0.9501999999999999,
        0.9677499999999999,
        0.949,
        0.9603249999999999,
        0.9496749999999999,
        0.9637
      ],
      "rewards": [
        1.1173712121212125,
        1.2565075757575759,
        1.1148712121212123,
        1.2577575757575759,
        1.2827575757575758,
        1.1093712121212123,
        1.1158712121212124,
        1.1349962121212123,
        1.2542575757575758,
        1.1193712121212123,
        1.1262462121212122,
        1.1197462121212123,
        1.1214962121212122,
        1.2577575757575759,
        1.254757575757576,
        1.1373712121212125,
        1.1219962121212124,
        1.1158712121212124,
        1.2618825757575758,
        1.1136212121212123,
        1.1112462121212126,
        1.2617575757575759,
        1.1236212121212126,
        1.1148712121212123,
        1.1061212121212123,
        1.1138712121212122,
        1.1269962121212123,
        1.1196212121212126,
        1.2807575757575758,
        1.1273712121212123
      ],
      "steps": [
        2,
        4,
        2,
        4,
        4,
        2,
        2,
        2,
        4,
        2,
        2,
        2,
        2,
        4,
        4,
        2,
        2,
        2,
        4,
        2,
        2,
        4,
        2,
        2,
        2,
        2,
        2,
        2,
        4,
        2
      ]
    },
    "myopic-service-restart": {
      "mean_score": 0.06771340909090909,
      "score_std": 0.04518491819006777,
      "score_ci95": 0.016169215315127404,
      "termination_rate": 0.0,
      "scores": [
        0.09754772727272726,
        0.0,
        0.10114772727272728,
        0.0,
        0.0,
        0.10009772727272728,
        0.09177272727272726,
        0.09777272727272726,
        0.0,
        0.09184772727272725,
        0.10092272727272725,
        0.09747272727272727,
        0.09192272727272724,
        0.0,
        0.0,
        0.10287272727272725,
        0.09634772727272725,
        0.10039772727272728,
        0.0,
        0.09619772727272727,
        0.09469772727272727,
        0.0,
        0.09387272727272725,
        0.09844772727272727,
        0.09394772727272727,
        0.10159772727272726,
        0.09244772727272726,
        0.09252272727272726,
        0.0,
        0.09754772727272726
      ],
      "rewards": [
        -1.710742424242424,
        -1.6588674242424242,
        -1.7041174242424244,
        -1.6477424242424241,
        -1.6233674242424243,
        -1.7281174242424242,
        -1.713867424242424,
        -1.698867424242424,
        -1.6451174242424242,
        -1.7017424242424242,
        -1.705867424242424,
        -1.7209924242424242,
        -1.712742424242424,
        -1.6556174242424242,
        -1.657742424242424,
        -1.6986174242424243,
        -1.705992424242424,
        -1.725742424242424,
        -1.6427424242424244,
        -1.7169924242424242,
        -1.7254924242424243,
        -1.6503674242424244,
        -1.6946174242424241,
        -1.7249924242424242,
        -1.7161174242424244,
        -1.7248674242424242,
        -1.6957424242424242,
        -1.7218674242424241,
        -1.6303674242424242,
        -1.7113674242424242
      ],
      "steps": [
        8,
        8,
        8,
        8,
        8,
        8,
        8,
        8,
        8,
        8,
        8,
        8,
        8,
        8,
        8,
        8,
        8,
        8,
        8,
        8,
        8,
        8,
        8,
        8,
        8,
        8,
        8,
        8,
        8,
        8
      ]
    },
    "random": {
      "mean_score": 0.7262344949494949,
      "score_std": 0.2380305750776269,
      "score_ci95": 0.08517814735934959,
      "termination_rate": 0.43333333333333335,
      "scores": [
        0.21554772727272725,
        0.7947401515151514,
        0.929875,
        0.5258787878787878,
        0.964,
        0.5080689393939394,
        0.6884287878787878,
        0.49689393939393933,
        0.912625,
        0.956575,
        0.5120439393939393,
        0.5445939393939394,
        0.92065,
        0.9279999999999999,
        0.5298939393939394,
        0.23782272727272724,
        0.2544727272727273,
        0.965125,
        0.7038787878787878,
        0.957475,
        0.5720439393939394,
        0.6978787878787878,
        0.9166,
        0.9571749999999999,
        0.7777151515151514,
        0.9677499999999999,
        0.949,
        0.7361287878787878,
        0.964,
        0.7021537878787878
      ],
      "rewards": [
        -1.180742424242424,
        0.6972651515151518,
        0.7922462121212122,
        -0.14880303030303033,
        1.071632575757576,
        -0.5223068181818179,
        -0.05681439393939386,
        -0.5078068181818178,
        1.124257575757576,
        0.49462121212121224,
        -0.4548068181818179,
        -0.5299318181818179,
        0.5836212121212123,
        1.0593825757575759,
        0.004454545454545544,
        -1.1403674242424242,
        -1.0291174242424241,
        0.6306212121212124,
        0.32619696969696976,
        1.1136212121212123,
        -0.20405681818181798,
        0.4285719696969696,
        0.6717462121212122,
        0.5013712121212124,
        0.44187878787878804,
        1.1138712121212122,
        1.1269962121212123,
        -0.06656439393939378,
        1.104632575757576,
        -0.1610643939393938
      ],
      "steps": [
        8,
        8,
        7,
        8,
        7,
        8,
        8,
        8,
        6,
        8,
        8,
        8,
        8,
        8,
        8,
        8,
        8,
        7,
        8,
        2,
        8,
        8,
        7,
        8,
        8,
        2,
        3,
        8,
        7,
        8
      ]
    }
  }
}
